parameter,estimate,SE,lcl,ucl
phi_0,0.33209928113808906,0.027485443028381323,0.27822781280246167,0.38597074947371646
gamma,0.05479186905039504,0.0035124693501631834,0.0479074291240752,0.06167630897671488
lambda,0.0903172960963401,0.003608929915075424,0.08324379346279226,0.09739079872988793
